Bx,By,Bz
2.4524992692195267,2.6892721426483486,0.8596901490792166
2.4524992692195267,2.6892721426483486,0.8633440514469454
2.4557147033031277,2.6805027769657994,0.8633440514469454
2.4557147033031277,2.6805027769657994,0.8455130078924291
2.4446068401052323,2.678164279450453,0.8455130078924291
2.4446068401052323,2.678164279450453,0.8547208418591056
2.4425606547793044,2.6726103478515055,0.8547208418591056
2.4425606547793044,2.6726103478515055,0.8547208418591056
2.4448991522946506,2.6737795966091786,0.8421514177141187
2.4448991522946506,2.6737795966091786,0.8421514177141187
2.4446068401052323,2.6579947383805904,0.8377667348728441
2.4446068401052323,2.6579947383805904,0.8377667348728441
2.4446068401052323,2.6544869921075707,0.8411283250511546
2.4437299035369775,2.6544869921075707,0.8411283250511546
2.4437299035369775,2.6471791873721133,0.8323589593686057
2.439637532885121,2.6471791873721133,0.8323589593686057
2.439637532885121,2.641917567962584,0.8281204326220404
2.4448991522946506,2.641917567962584,0.8281204326220404
2.4448991522946506,2.641917567962584,0.823881905875475
2.440514469453376,2.6427945045308388,0.823881905875475
2.440514469453376,2.6427945045308388,0.8202280035077463
2.4413914060216313,2.6334405144694535,0.8202280035077463
2.4413914060216313,2.6334405144694535,0.8202280035077463
2.432329728149664,2.6337328266588718,0.8070739549839229
2.432329728149664,2.6337328266588718,0.8070739549839229
2.427652733118971,2.6343174510377083,0.8040046769950306
2.427652733118971,2.6343174510377083,0.8040046769950306
2.4650686933645134,2.6316866413329434,0.8029815843320667
2.436129786612102,2.6316866413329434,0.8029815843320667
2.436129786612102,2.6264250219234144,0.7902660040923707
2.4220988015200233,2.6264250219234144,0.7902660040923707
2.4220988015200233,2.621163402513885,0.7816427945045309
2.427652733118971,2.621163402513885,0.7816427945045309
2.427652733118971,2.621163402513885,0.7772581116632563
2.4232680502776964,2.62204033908214,0.7772581116632563
2.4232680502776964,2.62204033908214,0.7744811458637825
2.4235603624671147,2.6156094709149373,0.7744811458637825
2.4235603624671147,2.6156094709149373,0.7744811458637825
2.4188833674364223,2.6100555393159897,0.773019584916691
2.4188833674364223,2.6100555393159897,0.773019584916691
2.418006430868167,2.6109324758842445,0.7589885998246126
2.418006430868167,2.6109324758842445,0.7589885998246126
2.418006430868167,2.6062554808535516,0.7591347559193219
2.417129494299912,2.6062554808535516,0.7591347559193219
2.417129494299912,2.608593978368898,0.7543116047939199
2.4130371236480563,2.608593978368898,0.7543116047939199
2.4130371236480563,2.606840105232388,0.7456883952060801
2.4115755627009645,2.606840105232388,0.7456883952060801
2.4115755627009645,2.606840105232388,0.7543116047939199
2.4083601286173635,2.6042092955276237,0.7543116047939199
2.4083601286173635,2.6042092955276237,0.7370651856182403
2.4086524408067818,2.6080093539900613,0.7370651856182403
2.4086524408067818,2.6080093539900613,0.7370651856182403
2.4033908213972524,2.6080093539900613,0.7325343466822567
2.4033908213972524,2.6080093539900613,0.7325343466822567
2.406313943291435,2.6112247880736628,0.7326805027769658
2.406313943291435,2.6112247880736628,0.7326805027769658
2.406313943291435,2.6097632271265714,0.7223034200526162
2.40719087985969,2.6097632271265714,0.7223034200526162
2.40719087985969,2.610640163694826,0.7170418006430869
2.4066062554808534,2.610640163694826,0.7170418006430869
2.4066062554808534,2.606840105232388,0.7249342297573809
2.3987138263665595,2.606840105232388,0.7249342297573809
2.3987138263665595,2.606840105232388,0.7085647471499561
2.4045600701549255,2.6074247296112247,0.7085647471499561
2.4045600701549255,2.6074247296112247,0.7177725811166326
2.395498392282958,2.6138555977784272,0.7177725811166326
2.395498392282958,2.6138555977784272,0.6803566208710903
2.3966676410406316,2.617363344051447,0.7107570885705934
2.3966676410406316,2.617363344051447,0.7107570885705934
2.385559777842736,2.619701841566793,0.7037415960245542
2.385559777842736,2.619701841566793,0.7037415960245542
2.385559777842736,2.6249634609763226,0.6853259280912014
2.3916983338205204,2.6249634609763226,0.6853259280912014
2.3916983338205204,2.623209587839813,0.6900029231218942
2.383513592516808,2.623209587839813,0.6900029231218942
2.383513592516808,2.615317158725519,0.6857643963753288
2.385559777842736,2.615317158725519,0.6857643963753288
2.385559777842736,2.652733118971061,0.6809412452499269
2.3820520315697165,2.6208710903244667,0.6809412452499269
2.3820520315697165,2.6208710903244667,0.672171879567378
2.3829289681379713,2.622332651271558,0.672171879567378
2.3829289681379713,2.622332651271558,0.672171879567378
2.3770827243496053,2.6343174510377083,0.6666179479684303
2.3770827243496053,2.6343174510377083,0.6666179479684303
2.383513592516808,2.629348143817597,0.6648640748319204
2.383513592516808,2.629348143817597,0.6648640748319204
2.383513592516808,2.636948260742473,0.6639871382636656
2.376790412160187,2.636948260742473,0.6639871382636656
2.376790412160187,2.638702133878983,0.6579947383805904
2.3753288512130957,2.638702133878983,0.6579947383805904
2.3753288512130957,2.6319789535223617,0.649663840982169
2.378836597486115,2.6319789535223617,0.649663840982169
2.378836597486115,2.6319789535223617,0.6528792750657703
2.3694826074247297,2.6413329435837474,0.6528792750657703
2.3694826074247297,2.6413329435837474,0.6438175971938029
2.3674364220988013,2.6425021923414205,0.6438175971938029
2.3674364220988013,2.6425021923414205,0.6438175971938029
2.370944168371821,2.650394621455715,0.64776381175095
2.370944168371821,2.650394621455715,0.64776381175095
2.3703595439929845,2.648056123940368,0.6346097632271266
2.3703595439929845,2.648056123940368,0.6346097632271266
2.3703595439929845,2.6521484945922245,0.6385559777842736
2.3726980415083307,2.6521484945922245,0.6385559777842736
2.3726980415083307,2.653610055539316,0.6465945629932768
2.3703595439929845,2.653610055539316,0.6465945629932768
2.3703595439929845,2.6597486115171,0.6420637240572932
2.3665594855305465,2.6597486115171,0.6420637240572932
2.3665594855305465,2.6597486115171,0.6411867874890383
2.3636363636363638,2.657410114001754,0.6411867874890383
2.3636363636363638,2.657410114001754,0.6341712949429992
2.36597486115171,2.6664717918737213,0.6341712949429992
2.36597486115171,2.6664717918737213,0.6341712949429992
2.361297866121017,2.6600409237065183,0.6230634317451038
2.361297866121017,2.6600409237065183,0.6230634317451038
2.357790119847998,2.672025723472669,0.6289096755334698
2.357790119847998,2.672025723472669,0.6289096755334698
2.371821104940076,2.6813797135340542,0.625255773165741
2.371821104940076,2.6813797135340542,0.625255773165741
2.371821104940076,2.6758257819351066,0.6218941829874306
2.3607132417421806,2.6758257819351066,0.6218941829874306
2.3607132417421806,2.682256650102309,0.629201987722888
2.3665594855305465,2.682256650102309,0.629201987722888
2.3665594855305465,2.682256650102309,0.62028646594563
2.3642209880152003,2.6793335282081263,0.62028646594563
2.3642209880152003,2.6793335282081263,0.6201403098509208
2.355451622332651,2.684887459807074,0.6201403098509208
2.355451622332651,2.684887459807074,0.6201403098509208
2.358082432037416,2.6875182695118385,0.6123940368313359
2.358082432037416,2.6875182695118385,0.6123940368313359
2.358959368605671,2.689856767027185,0.610494007600117
2.358959368605671,2.689856767027185,0.610494007600117
2.3566208710903243,2.696579947383806,0.6077170418006431
2.3566208710903243,2.696579947383806,0.6077170418006431
2.3940368313358666,2.695703010815551,0.6188249049985385
2.357790119847998,2.695703010815551,0.6188249049985385
2.357790119847998,2.698626132709734,0.6078631978953523
2.3501900029231217,2.698626132709734,0.6078631978953523
2.3501900029231217,2.698626132709734,0.6179479684302835
2.35223618824905,2.7030108155510084,0.6179479684302835
2.35223618824905,2.7030108155510084,0.6058170125694241
2.3513592516807953,2.6997953814674074,0.6058170125694241
2.3513592516807953,2.6997953814674074,0.6058170125694241
2.353113124817305,2.7068108740134464,0.6122478807366267
2.353113124817305,2.7068108740134464,0.6122478807366267
2.359251680795089,2.711195556854721,0.6137094416837182
2.359251680795089,2.711195556854721,0.6137094416837182
2.360128617363344,2.706518561824028,0.6140017538731365
2.360128617363344,2.706518561824028,0.6140017538731365
2.360128617363344,2.7071031862028647,0.6094709149371529
2.3574978076585795,2.7071031862028647,0.6094709149371529
2.3574978076585795,2.7176264250219235,0.606693949137679
2.351943876059632,2.7176264250219235,0.606693949137679
2.351943876059632,2.7176264250219235,0.5980707395498392
2.359251680795089,2.708564747149956,0.5980707395498392
2.359251680795089,2.708564747149956,0.6047939199064601
2.3586670564162526,2.715580239695995,0.6047939199064601
2.3586670564162526,2.715580239695995,0.6047939199064601
2.356913183279743,2.7079801227711195,0.6055247003800058
2.356913183279743,2.7079801227711195,0.6055247003800058
2.3572054954691612,2.71821104940076,0.6037708272434961
2.3572054954691612,2.71821104940076,0.6037708272434961
2.356328558900906,2.721134171294943,0.6037708272434961
2.356328558900906,2.721134171294943,0.6037708272434961
2.356328558900906,2.720257234726688,0.6031862028646594
2.3545746857643963,2.720257234726688,0.6031862028646594
2.3545746857643963,2.7223034200526164,0.6005553931598948
2.353405437006723,2.7223034200526164,0.6005553931598948
2.353405437006723,2.7223034200526164,0.596901490792166
2.3498976907337035,2.722011107863198,0.596901490792166
2.3498976907337035,2.722011107863198,0.6001169248757673
2.3525285004384684,2.722011107863198,0.6001169248757673
2.3525285004384684,2.722011107863198,0.6001169248757673
2.353113124817305,2.7234726688102895,0.6042092955276235
2.353113124817305,2.7234726688102895,0.5667933352820813
2.3528208126278867,2.7284419760304006,0.5955860859397837
2.3528208126278867,2.7284419760304006,0.5955860859397837
2.353113124817305,2.7187956737795966,0.600701549254604
2.353113124817305,2.7187956737795966,0.600701549254604
2.353113124817305,2.7263957907044722,0.5990938322128033
2.348143817597194,2.7263957907044722,0.5990938322128033
2.348143817597194,2.7246419175679626,0.600701549254604
2.359251680795089,2.7246419175679626,0.600701549254604
2.359251680795089,2.7246419175679626,0.5932475884244373
2.362759427068109,2.7167494884536687,0.5932475884244373
2.362759427068109,2.7167494884536687,0.5901783104355451
2.3501900029231217,2.727272727272727,0.5901783104355451
2.3501900029231217,2.727272727272727,0.6275942706810874
2.362759427068109,2.71821104940076,0.6102016954106986
2.362759427068109,2.71821104940076,0.6102016954106986
2.365097924583455,2.719380298158433,0.6021631102016954
2.365097924583455,2.719380298158433,0.6021631102016954
2.358082432037416,2.7187956737795966,0.6014323297281496
2.358082432037416,2.7187956737795966,0.6014323297281496
2.358082432037416,2.7185033615901784,0.6018707980122772
2.3586670564162526,2.7185033615901784,0.6018707980122772
2.3586670564162526,2.7281496638409823,0.6071324174218065
2.3598363051739257,2.7281496638409823,0.6071324174218065
2.3598363051739257,2.7281496638409823,0.6068401052323882
2.363928675825782,2.726103478515054,0.6068401052323882
2.363928675825782,2.726103478515054,0.5964630225080386
2.357790119847998,2.7223034200526164,0.5964630225080386
2.357790119847998,2.7223034200526164,0.6338789827535808
2.3595439929845075,2.726103478515054,0.6023092662964046
2.3595439929845075,2.726103478515054,0.6023092662964046
2.360128617363344,2.7091493715287926,0.6069862613270973
2.360128617363344,2.7091493715287926,0.6069862613270973
2.360128617363344,2.723180356620871,0.6024554223911137
2.360128617363344,2.723180356620871,0.6024554223911137
2.360128617363344,2.7185033615901784,0.6034785150540778
2.3583747442268344,2.7185033615901784,0.6034785150540778
2.3583747442268344,2.7164571762642504,0.6091786027477346
2.3633440514469455,2.7164571762642504,0.6091786027477346
2.3633440514469455,2.7164571762642504,0.6021631102016954
2.3574978076585795,2.714410990938322,0.6021631102016954
2.3574978076585795,2.714410990938322,0.610494007600117
2.363928675825782,2.7158725518854134,0.610494007600117
2.363928675825782,2.7158725518854134,0.610494007600117
2.3566208710903243,2.712072493422976,0.6065477930429699
2.3566208710903243,2.712072493422976,0.6065477930429699
2.358082432037416,2.7126571178018124,0.6052323881905876
2.358082432037416,2.7126571178018124,0.6052323881905876
2.3548669979538146,2.712072493422976,0.6091786027477346
2.3548669979538146,2.712072493422976,0.6091786027477346
2.392282958199357,2.70622624963461,0.595878398129202
2.358959368605671,2.70622624963461,0.595878398129202
2.358959368605671,2.709733995907629,0.6116632563577902
2.3607132417421806,2.709733995907629,0.6116632563577902
2.3607132417421806,2.709733995907629,0.6100555393159894
2.369774919614148,2.7103186202864658,0.6100555393159894
2.369774919614148,2.7103186202864658,0.6179479684302835
2.3586670564162526,2.7041800643086815,0.6179479684302835
2.3586670564162526,2.7041800643086815,0.6179479684302835
2.3598363051739257,2.705349313066355,0.6107863197895352
2.3598363051739257,2.705349313066355,0.6107863197895352
2.36597486115171,2.6992107570885704,0.610494007600117
2.36597486115171,2.6992107570885704,0.610494007600117
2.357790119847998,2.706518561824028,0.6217480268927215
2.357790119847998,2.706518561824028,0.6217480268927215
2.357790119847998,2.701549254603917,0.6118094124524993
2.366851797719965,2.701549254603917,0.6118094124524993
2.366851797719965,2.691902952353113,0.6185325928091201
2.3645133002046186,2.691902952353113,0.6185325928091201
2.3645133002046186,2.691902952353113,0.6199941537562116
2.362759427068109,2.6875182695118385,0.6199941537562116
2.362759427068109,2.6875182695118385,0.6199941537562116
2.3700672318035663,2.6845951476176557,0.6199941537562116
2.3700672318035663,2.6845951476176557,0.6216018707980123
2.368605670856475,2.6951183864367145,0.6216018707980123
2.368605670856475,2.6951183864367145,0.6216018707980123
2.362759427068109,2.6845951476176557,0.6256942414498684
2.362759427068109,2.6845951476176557,0.6256942414498684
2.3656825489622917,2.686933645133002,0.6309558608593978
2.3656825489622917,2.686933645133002,0.6309558608593978
2.3656825489622917,2.6816720257234725,0.6208710903244665
2.358959368605671,2.6816720257234725,0.6208710903244665
2.358959368605671,2.6767027185033614,0.6169248757673195
2.3700672318035663,2.6767027185033614,0.6169248757673195
2.3700672318035663,2.6767027185033614,0.6403098509207834
2.3750365390236774,2.67524115755627,0.6403098509207834
2.3750365390236774,2.67524115755627,0.6335866705641625
2.3738672902660043,2.674364220988015,0.6335866705641625
2.3738672902660043,2.674364220988015,0.639871382636656
2.36597486115171,2.6714410990938324,0.639871382636656
2.36597486115171,2.6714410990938324,0.6024554223911137
2.370651856182403,2.662379421221865,0.6349020754165449
2.370651856182403,2.662379421221865,0.6349020754165449
2.3753288512130957,2.667348728441976,0.6341712949429992
2.3753288512130957,2.667348728441976,0.6341712949429992
2.3753288512130957,2.653610055539316,0.6484945922244958
2.3724057293189125,2.653610055539316,0.6484945922244958
2.3724057293189125,2.655656240865244,0.6425021923414206
2.366851797719965,2.655656240865244,0.6425021923414206
2.366851797719965,2.655656240865244,0.655510084770535
2.372990353697749,2.6541946799181524,0.655510084770535
2.372990353697749,2.6541946799181524,0.6584332066647179
2.3726980415083307,2.6463022508038585,0.6584332066647179
2.3726980415083307,2.6463022508038585,0.6708564747149957
2.374451914644841,2.650686933645133,0.6708564747149957
2.374451914644841,2.650686933645133,0.6708564747149957
2.3764980999707688,2.644840689856767,0.652586962876352
2.3764980999707688,2.644840689856767,0.652586962876352
2.3791289096755333,2.637240572931891,0.6718795673779596
2.3791289096755333,2.637240572931891,0.6718795673779596
2.3791289096755333,2.637240572931891,0.6698333820520316
2.3726980415083307,2.637240572931891,0.6698333820520316
2.3726980415083307,2.6346097632271266,0.6815258696287635
2.3797135340543702,2.6346097632271266,0.6815258696287635
2.3797135340543702,2.6346097632271266,0.6677871967261034
2.385559777842736,2.6322712657117804,0.6677871967261034
2.385559777842736,2.6322712657117804,0.676118094124525
2.384682841274481,2.627886582870506,0.676118094124525
2.384682841274481,2.627886582870506,0.6822566501023093
2.383805904706226,2.6170710318620287,0.6822566501023093
2.383805904706226,2.6170710318620287,0.6822566501023093
2.392282958199357,2.6226249634609764,0.6860567085647471
2.392282958199357,2.6226249634609764,0.6860567085647471
2.3928675825781935,2.624378836597486,0.6879567377959661
2.3928675825781935,2.624378836597486,0.6879567377959661
2.430283542823736,2.6094709149371527,0.702572347266881
2.3995907629348143,2.6094709149371527,0.702572347266881
2.3995907629348143,2.6062554808535516,0.7090032154340836
2.394621455714703,2.6062554808535516,0.7090032154340836
2.394621455714703,2.6062554808535516,0.7082724349605378
2.391113709441684,2.60654779304297,0.7082724349605378
2.391113709441684,2.60654779304297,0.7147033031277404
2.400467699503069,2.6050862320958785,0.7147033031277404
2.400467699503069,2.6050862320958785,0.7212803273896522
2.400175387313651,2.605378544285297,0.7212803273896522
2.400175387313651,2.605378544285297,0.7212803273896522
2.401344636071324,2.6009938614440222,0.7259573224203449
2.401344636071324,2.6009938614440222,0.7259573224203449
2.4033908213972524,2.601870798012277,0.7301958491669103
2.4033908213972524,2.601870798012277,0.7301958491669103
2.4033908213972524,2.5963168664133294,0.7399883075124233
2.406021631102017,2.5963168664133294,0.7399883075124233
2.406021631102017,2.6047939199064603,0.7471499561531716
2.414790996784566,2.6047939199064603,0.7471499561531716
2.414790996784566,2.6047939199064603,0.7611809412452499
2.410114001753873,2.6121017246419176,0.7611809412452499
2.410114001753873,2.6121017246419176,0.767173341128325
2.412160187079801,2.6091786027477344,0.767173341128325
2.412160187079801,2.6091786027477344,0.7665887167494885
2.4261911721718796,2.6062554808535516,0.7665887167494885
2.4261911721718796,2.6062554808535516,0.7665887167494885
2.4142063724057294,2.605378544285297,0.7724349605378544
2.4142063724057294,2.605378544285297,0.7724349605378544
2.4177141186787487,2.6036246711487867,0.7855890090616778
2.4177141186787487,2.6036246711487867,0.7855890090616778
2.4177141186787487,2.6080093539900613,0.7790119847997662
2.427652733118971,2.6080093539900613,0.7790119847997662
2.427652733118971,2.6121017246419176,0.803273896521485
2.426483484361298,2.6121017246419176,0.803273896521485
2.426483484361298,2.6121017246419176,0.8041508330897399
2.429698918444899,2.614732534346682,0.8041508330897399
2.429698918444899,2.614732534346682,0.8069277988892137
2.4367144109909384,2.614732534346682,0.8069277988892137
2.4367144109909384,2.614732534346682,0.812189418298743
2.439345220695703,2.6226249634609764,0.812189418298743
2.439345220695703,2.6226249634609764,0.812189418298743
2.43642209880152,2.6217480268927216,0.8224203449283836
2.43642209880152,2.6217480268927216,0.8224203449283836
2.4425606547793044,2.6325635779011987,0.8276819643379129
2.4425606547793044,2.6325635779011987,0.8276819643379129
2.4425606547793044,2.6299327681964337,0.8421514177141187
2.4367144109909384,2.6299327681964337,0.8421514177141187
2.4367144109909384,2.638702133878983,0.840543700672318
2.4460684010523237,2.638702133878983,0.840543700672318
2.4460684010523237,2.638702133878983,0.8439052908506285
2.4457760888629054,2.646886875182695,0.8439052908506285
2.4457760888629054,2.6843028354282374,0.863051739257527
2.4484068985676704,2.6588716749488452,0.863051739257527
2.4484068985676704,2.6588716749488452,0.8566208710903245
2.453960830166618,2.6667641040631396,0.8566208710903245
2.453960830166618,2.6667641040631396,0.8940368313358668
2.4574685764396373,2.6734872844197604,0.8665594855305466
2.4574685764396373,2.6734872844197604,0.8665594855305466
2.4577608886290556,2.6831335866705643,0.868897983045893
2.4577608886290556,2.6831335866705643,0.868897983045893
2.4577608886290556,2.691610640163695,0.8840982168956445
2.452791581408945,2.691610640163695,0.8840982168956445
2.452791581408945,2.7041800643086815,0.887459807073955
2.4577608886290556,2.7041800643086815,0.887459807073955
2.4577608886290556,2.713241742180649,0.8820520315697165
2.4603916983338205,2.713241742180649,0.8820520315697165
2.4603916983338205,2.713241742180649,0.8952060800935399
2.458930137386729,2.722888044431453,0.8952060800935399
2.458930137386729,2.722888044431453,0.8968137971353406
2.4633148202280033,2.737795966091786,0.8968137971353406
2.4633148202280033,2.737795966091786,0.9342297573808828
2.456007015492546,2.74744226834259,0.9007600116924875
2.456007015492546,2.74744226834259,0.9007600116924875
2.456007015492546,2.759134755919322,0.912014030985092
2.456007015492546,2.759134755919322,0.912014030985092
2.456007015492546,2.771996492253727,0.9150833089739843
2.4524992692195267,2.771996492253727,0.9150833089739843
2.4524992692195267,2.79041216018708,0.9193218357205496
2.460976322712657,2.79041216018708,0.9193218357205496
2.460976322712657,2.8006430868167205,0.928529669687226
2.457176264250219,2.8006430868167205,0.928529669687226
2.457176264250219,2.8380590470622624,0.91581408944753
2.4592224495761474,2.8135048231511255,0.91581408944753
2.4592224495761474,2.8135048231511255,0.9323297281496639
2.4574685764396373,2.8231511254019295,0.9323297281496639
2.4574685764396373,2.8231511254019295,0.9323297281496639
2.456007015492546,2.837766734872844,0.9155217772581117
2.456007015492546,2.837766734872844,0.9155217772581117
2.456007015492546,2.849459222449576,0.9220988015200234
2.456007015492546,2.849459222449576,0.9220988015200234
2.456007015492546,2.862028646594563,0.9301373867290266
2.456883952060801,2.862028646594563,0.9301373867290266
2.456883952060801,2.882490499853844,0.9282373574978077
2.460976322712657,2.882490499853844,0.9282373574978077
2.460976322712657,2.888629055831628,0.9235603624671149
2.4524992692195267,2.888629055831628,0.9235603624671149
2.4524992692195267,2.888629055831628,0.9237065185618241
2.4466530254311607,2.90032154340836,0.9237065185618241
2.4466530254311607,2.90032154340836,0.9294066062554809
2.4434375913475592,2.919614147909968,0.9294066062554809
2.4434375913475592,2.919614147909968,0.9294066062554809
2.444314527915814,2.927506577024262,0.9283835135925168
2.444314527915814,2.927506577024262,0.9283835135925168
2.451037708272435,2.9450453083893597,0.9237065185618241
2.451037708272435,2.9450453083893597,0.9237065185618241
2.451037708272435,2.965507161648641,0.9346682256650102
2.442268342589886,2.965507161648641,0.9346682256650102
2.442268342589886,2.966676410406314,0.9292604501607717
2.441099093832213,2.966676410406314,0.9292604501607717
2.441099093832213,2.985384390529085,0.9298450745396083
2.4437299035369775,2.985384390529085,0.9298450745396083
2.4437299035369775,2.985384390529085,0.9181525869628764
2.4416837182110496,2.991522946506869,0.9181525869628764
2.4416837182110496,2.991522946506869,0.928529669687226
2.447822274188834,3.0073078047354573,0.928529669687226
2.447822274188834,3.0073078047354573,0.928529669687226
2.4402221572639577,3.0172464191756796,0.9269219526454253
2.4402221572639577,3.0172464191756796,0.9269219526454253
2.4402221572639577,3.02747734580532,0.9188833674364221
2.4402221572639577,3.02747734580532,0.9188833674364221
2.4402221572639577,3.0447237649809997,0.9131832797427653
2.436129786612102,3.0447237649809997,0.9131832797427653
2.436129786612102,3.040339082139725,0.9207833966676411
2.43817597193803,3.040339082139725,0.9207833966676411
2.43817597193803,3.0575855013154047,0.9124524992692196
2.4320374159602456,3.0575855013154047,0.9124524992692196
2.4320374159602456,3.095001461560947,0.91581408944753
2.4308681672025725,3.0710318620286468,0.91581408944753
2.4308681672025725,3.0710318620286468,0.9172756503946214
2.4355451622332653,3.07044723764981,0.9172756503946214
2.4355451622332653,3.07044723764981,0.9172756503946214
2.4317451037708273,3.087985969014908,0.9219526454253142
2.4317451037708273,3.087985969014908,0.9219526454253142
2.429698918444899,3.093832212803274,0.9184448991522947
2.429698918444899,3.093832212803274,0.9184448991522947
2.4671148786904413,3.0990938322128034,0.9028061970184157
2.4340836012861735,3.0990938322128034,0.9028061970184157
2.4340836012861735,3.1034785150540776,0.9115755627009646
2.426775796550716,3.1034785150540776,0.9115755627009646
2.426775796550716,3.106693949137679,0.9147909967845659
2.4270681087401345,3.106693949137679,0.9147909967845659
2.4270681087401345,3.106693949137679,0.9033908213972522
2.425314235603625,3.112540192926045,0.9033908213972522
2.425314235603625,3.112540192926045,0.9028061970184157
2.414790996784566,3.1096170710318622,0.9028061970184157
2.414790996784566,3.1096170710318622,0.9028061970184157
2.419760304004677,3.117509500146156,0.9035369774919614
2.419760304004677,3.117509500146156,0.9035369774919614
2.4250219234142065,3.1189710610932475,0.9009061677871967
2.4250219234142065,3.1189710610932475,0.9009061677871967
2.4250219234142065,3.1201403098509206,0.8896521484945922
2.4203449283835137,3.1201403098509206,0.8896521484945922
2.4203449283835137,3.1201403098509206,0.9049985384390529
2.4291142940660624,3.1201403098509206,0.9049985384390529
2.4291142940660624,3.119555685472084,0.9142063724057293
2.418006430868167,3.119555685472084,0.9142063724057293
2.418006430868167,3.119555685472084,0.9052908506284713
2.4250219234142065,3.1236480561239404,0.9052908506284713
2.4250219234142065,3.1236480561239404,0.9080678164279451
2.4250219234142065,3.1224788073662673,0.9080678164279451
2.4250219234142065,3.1224788073662673,0.9080678164279451
2.420637240572932,3.1180941245249927,0.9017831043554516
2.420637240572932,3.1180941245249927,0.9017831043554516
2.4133294358374746,3.106693949137679,0.9047062262496346
2.4133294358374746,3.106693949137679,0.9047062262496346
2.4133294358374746,3.110201695410699,0.9095293773750366
2.4142063724057294,3.110201695410699,0.9095293773750366
2.4142063724057294,3.110494007600117,0.9000292312189418
2.4223911137094416,3.110494007600117,0.9000292312189418
2.4223911137094416,3.100555393159895,0.9136217480268927
2.422975738088278,3.100555393159895,0.9136217480268927
2.422975738088278,3.100555393159895,0.9136217480268927
2.4223911137094416,3.1011400175387314,0.9136217480268927
2.4223911137094416,3.1011400175387314,0.9068985676702719
2.4294066062554807,3.0932475884244375,0.9068985676702719
2.4294066062554807,3.0932475884244375,0.9068985676702719
2.4294066062554807,3.086232095878398,0.9163987138263665
2.4294066062554807,3.086232095878398,0.9163987138263665
2.4247296112247883,3.086232095878398,0.9009061677871967
2.4247296112247883,3.086232095878398,0.9009061677871967
2.4247296112247883,3.0774627301958493,0.9146448406898567
2.4270681087401345,3.0774627301958493,0.9146448406898567
2.4270681087401345,3.076001169248758,0.9155217772581117
2.4340836012861735,3.076001169248758,0.9155217772581117
2.4340836012861735,3.0619701841566793,0.9196141479099679
2.432622040339082,3.0619701841566793,0.9196141479099679
2.432622040339082,3.0619701841566793,0.9294066062554809
2.4329143525285004,3.0575855013154047,0.9294066062554809
2.4329143525285004,3.0575855013154047,0.9288219818766442
2.436129786612102,3.0444314527915814,0.9288219818766442
2.436129786612102,3.0444314527915814,0.9288219818766442
2.4370067231803567,3.033031277404268,0.9228295819935691
2.4370067231803567,3.033031277404268,0.9228295819935691
2.4413914060216313,3.0228003507746273,0.9323297281496639
2.4413914060216313,3.0228003507746273,0.9323297281496639
2.403975445776089,3.015784858228588,0.9219526454253142
2.4294066062554807,3.015784858228588,0.9219526454253142
2.4294066062554807,3.0055539315989477,0.9184448991522947
2.439637532885121,3.0055539315989477,0.9184448991522947
2.439637532885121,2.991815258696288,0.9305758550131541
2.434375913475592,2.991815258696288,0.9305758550131541
2.434375913475592,2.991815258696288,0.9111370944168372
2.4434375913475592,2.9836305173925752,0.9111370944168372
2.4434375913475592,2.9836305173925752,0.9323297281496639
2.4446068401052323,2.9713534054370068,0.9323297281496639
2.4446068401052323,2.9713534054370068,0.9323297281496639
2.445483776673487,2.959660917860275,0.9261911721718795
2.445483776673487,2.959660917860275,0.9261911721718795
2.448991522946507,2.950014615609471,0.9260450160771704
2.448991522946507,2.950014615609471,0.9260450160771704
2.448991522946507,2.9313066354867,0.9229757380882783
2.443145279158141,2.9313066354867,0.9229757380882783
2.443145279158141,2.924291142940661,0.9264834843612979
2.447822274188834,2.924291142940661,0.9264834843612979
2.447822274188834,2.9117217187956737,0.9222449576147326
2.448114586378252,2.9117217187956737,0.9222449576147326
2.448114586378252,2.9117217187956737,0.92955276235019
2.448114586378252,2.899444606840105,0.92955276235019
2.448114586378252,2.899444606840105,0.928529669687226
2.4533762057877815,2.8900906167787195,0.928529669687226
2.4533762057877815,2.8900906167787195,0.928529669687226
2.4516223326512714,2.878982753580824,0.9270681087401345
2.4516223326512714,2.878982753580824,0.9270681087401345
2.455130078924291,2.8655363928675825,0.9182987430575855
2.455130078924291,2.8655363928675825,0.9182987430575855
2.455130078924291,2.852090032154341,0.9231218941829874
2.4533762057877815,2.852090032154341,0.9231218941829874
2.4533762057877815,2.841566793335282,0.9143525285004385
2.4545454545454546,2.841566793335282,0.9143525285004385
2.4545454545454546,2.8348436129786614,0.907044723764981
2.4472376498099973,2.8348436129786614,0.907044723764981
2.4472376498099973,2.8348436129786614,0.9042677579655072
2.4545454545454546,2.814966384098217,0.9042677579655072
2.4545454545454546,2.814966384098217,0.9068985676702719
2.4516223326512714,2.809120140309851,0.9068985676702719
2.4516223326512714,2.809120140309851,0.9068985676702719
2.4600993861444023,2.793627594270681,0.912890967553347
2.4600993861444023,2.793627594270681,0.912890967553347
2.4460684010523237,2.7813504823151125,0.9121601870798012
2.4460684010523237,2.7813504823151125,0.9121601870798012
2.4460684010523237,2.7687810581701258,0.8947676118094124
2.453083893598363,2.7687810581701258,0.8947676118094124
2.453083893598363,2.760304004676995,0.8873136509792459
2.455130078924291,2.760304004676995,0.8873136509792459
2.455130078924291,2.7459807073954985,0.8849751534638994
2.452206957030108,2.7459807073954985,0.8849751534638994
2.452206957030108,2.7459807073954985,0.8810289389067524
2.4516223326512714,2.74568839520608,0.8810289389067524
2.4516223326512714,2.74568839520608,0.8756211634025138
2.453960830166618,2.7258111663256357,0.8756211634025138
2.453960830166618,2.7258111663256357,0.8756211634025138
2.4577608886290556,2.7225957322420347,0.8694826074247296
2.4577608886290556,2.7225957322420347,0.8694826074247296
2.4542531423560363,2.714118678748904,0.8795673779596609
2.4542531423560363,2.714118678748904,0.8795673779596609
2.4542531423560363,2.7129494299912307,0.8655363928675825
2.445483776673487,2.7129494299912307,0.8655363928675825
2.445483776673487,2.6939491376790414,0.8548669979538147
2.4428529669687227,2.6939491376790414,0.8548669979538147
2.4428529669687227,2.688102893890675,0.8528208126278866
2.4486992107570886,2.688102893890675,0.8528208126278866
2.4486992107570886,2.688102893890675,0.8452206957030108
2.4475299619994155,2.679041216018708,0.8452206957030108
2.4475299619994155,2.679041216018708,0.8436129786612102
2.4387605963168664,2.674071908798597,0.8436129786612102
2.4387605963168664,2.674071908798597,0.8436129786612102
2.4498684595147617,2.667056416252558,0.8364513300204619
2.4498684595147617,2.667056416252558,0.8364513300204619
2.436129786612102,2.664717918737211,0.8401052323881906
2.436129786612102,2.664717918737211,0.8401052323881906
2.436129786612102,2.6568254896229173,0.8298743057585501
2.4337912890967552,2.6568254896229173,0.8298743057585501
2.4337912890967552,2.648056123940368,0.825781935106694
2.429698918444899,2.648056123940368,0.825781935106694
2.429698918444899,2.644840689856767,0.8203741596024554
2.4375913475591933,2.644840689856767,0.8203741596024554
2.4375913475591933,2.644840689856767,0.8069277988892137
2.4311604793919908,2.638702133878983,0.8069277988892137
2.4311604793919908,2.638702133878983,0.8063431745103771
2.426483484361298,2.637825197310728,0.8063431745103771
2.426483484361298,2.637825197310728,0.8063431745103771
2.432622040339082,2.627009646302251,0.8057585501315405
2.432622040339082,2.627009646302251,0.8057585501315405
2.4258988599824614,2.6237942122186495,0.8016661794796843
2.4258988599824614,2.6237942122186495,0.8016661794796843
2.4258988599824614,2.6246711487869043,0.8002046185325928
2.423852674656533,2.6246711487869043,0.8002046185325928
2.423852674656533,2.614440222157264,0.7860274773458054
2.4299912306343177,2.614440222157264,0.7860274773458054
2.4299912306343177,2.6141479099678455,0.7785735165156387
2.4282373574978076,2.6141479099678455,0.7785735165156387
2.4282373574978076,2.6141479099678455,0.7746273019584917
2.4182987430575853,2.610347851505408,0.7746273019584917
2.4182987430575853,2.610347851505408,0.7657117801812335
2.417129494299912,2.611517100263081,0.7657117801812335
2.417129494299912,2.611517100263081,0.7657117801812335
2.4086524408067818,2.6132709733995907,0.759280912014031
2.4086524408067818,2.6132709733995907,0.759280912014031
2.4133294358374746,2.6112247880736628,0.7567962584039755
2.4133294358374746,2.6112247880736628,0.7567962584039755
2.4133294358374746,2.6097632271265714,0.7522654194679919
2.4086524408067818,2.6097632271265714,0.7522654194679919
2.4086524408067818,2.6094709149371527,0.7395498392282959
2.408067816427945,2.6094709149371527,0.7395498392282959
2.408067816427945,2.6109324758842445,0.7415960245542239
2.4127448114586376,2.6109324758842445,0.7415960245542239
2.4127448114586376,2.6109324758842445,0.7249342297573809
2.406021631102017,2.6080093539900613,0.7249342297573809
2.406021631102017,2.6080093539900613,0.7224495761473253
2.4016369482607423,2.6091786027477344,0.7224495761473253
2.4016369482607423,2.6091786027477344,0.7224495761473253
2.405144694533762,2.60304004676995,0.7239111370944168
2.405144694533762,2.60304004676995,0.7239111370944168
2.400467699503069,2.608593978368898,0.7225957322420344
2.400467699503069,2.608593978368898,0.7225957322420344
2.400467699503069,2.6100555393159897,0.710318620286466
2.396083016661795,2.6100555393159897,0.710318620286466
2.396083016661795,2.6059631686641334,0.7122186495176849
2.3987138263665595,2.6059631686641334,0.7122186495176849
2.3987138263665595,2.6129786612101724,0.7139725226541946
2.3975445776088864,2.6129786612101724,0.7139725226541946
2.3975445776088864,2.6129786612101724,0.6973107278573516
2.3937445191464484,2.6047939199064603,0.6973107278573516
2.3937445191464484,2.6047939199064603,0.6973107278573516
2.3881905875475007,2.6094709149371527,0.6973107278573516
2.3881905875475007,2.6094709149371527,0.6973107278573516
2.389359836305174,2.613563285589009,0.6844489915229465
2.389359836305174,2.613563285589009,0.6844489915229465
2.3840982168956444,2.615317158725519,0.686933645133002
2.3840982168956444,2.615317158725519,0.686933645133002
2.3840982168956444,2.6226249634609764,0.6799181525869629
2.3800058462437885,2.6226249634609764,0.6799181525869629
2.3800058462437885,2.6167787196726104,0.6825489622917276
2.3759134755919322,2.6167787196726104,0.6825489622917276
2.3759134755919322,2.6179479684302835,0.6862028646594563
2.38146740719088,2.6179479684302835,0.6862028646594563
2.38146740719088,2.655363928675826,0.6619409529377375
2.37795966091786,2.621163402513885,0.6619409529377375
2.37795966091786,2.621163402513885,0.6717334112832505
2.3712364805612394,2.62204033908214,0.6717334112832505
2.3712364805612394,2.62204033908214,0.7091493715287928
2.3677287342882196,2.619701841566793,0.6759719380298158
2.3677287342882196,2.619701841566793,0.6759719380298158
2.3753288512130957,2.6273019584916693,0.6588716749488454
2.3753288512130957,2.6273019584916693,0.6588716749488454
2.374451914644841,2.634902075416545,0.6591639871382636
2.374451914644841,2.634902075416545,0.6591639871382636
2.374451914644841,2.625548085355159,0.6587255188541362
2.3703595439929845,2.625548085355159,0.6587255188541362
2.3703595439929845,2.6287635194387606,0.6584332066647179
2.3785442852966967,2.6287635194387606,0.6584332066647179
2.3785442852966967,2.6287635194387606,0.6565331774334989
2.372990353697749,2.6357790119847997,0.6565331774334989
2.372990353697749,2.6357790119847997,0.6606255480853551
2.3759134755919322,2.6427945045308388,0.6606255480853551
2.3759134755919322,2.6427945045308388,0.6606255480853551
2.3738672902660043,2.6401636948260743,0.6569716457176265
2.3738672902660043,2.6401636948260743,0.6569716457176265
2.370651856182403,2.638702133878983,0.6473253434668226
2.370651856182403,2.638702133878983,0.6473253434668226
2.3715287927506576,2.6451330020461854,0.6641332943583748
2.3715287927506576,2.6451330020461854,0.6641332943583748
2.3715287927506576,2.6354866997953814,0.6489330605086232
2.3703595439929845,2.6354866997953814,0.6489330605086232
2.3703595439929845,2.643671441099094,0.6574101140017539
2.3694826074247297,2.643671441099094,0.6574101140017539
2.3694826074247297,2.643671441099094,0.6452791581408944
2.3691902952353114,2.6439637532885123,0.6452791581408944
2.3691902952353114,2.6439637532885123,0.6490792166033323
2.3653902367728734,2.6498099970768783,0.6490792166033323
2.3653902367728734,2.6498099970768783,0.6116632563577902
2.3680210464776383,2.6544869921075707,0.6319789535223619
2.3680210464776383,2.6544869921075707,0.6319789535223619
2.362174802689272,2.6588716749488452,0.6370944168371822
2.362174802689272,2.6588716749488452,0.6370944168371822
2.3642209880152003,2.657410114001754,0.6233557439345221
2.3642209880152003,2.657410114001754,0.6233557439345221
2.3642209880152003,2.662379421221865,0.6349020754165449
2.368605670856475,2.662379421221865,0.6349020754165449
2.368605670856475,2.6617947968430284,0.6365097924583455
2.361005553931599,2.6617947968430284,0.6365097924583455
2.361005553931599,2.6617947968430284,0.6363636363636364
2.368897983045893,2.6653025431160478,0.6363636363636364
2.368897983045893,2.6653025431160478,0.6378251973107278
2.3677287342882196,2.6679333528208127,0.6378251973107278
2.3677287342882196,2.6679333528208127,0.6004092370651856
2.3656825489622917,2.6620871090324467,0.6302250803858521
2.3656825489622917,2.6620871090324467,0.6302250803858521
2.3665594855305465,2.667056416252558,0.6344636071324175
2.3665594855305465,2.667056416252558,0.6344636071324175
2.3560362467114877,2.6658871674948847,0.6249634609763227
2.3560362467114877,2.6658871674948847,0.6249634609763227
2.39345220695703,2.666179479684303,0.6354866997953814
2.3624671148786907,2.666179479684303,0.6354866997953814
2.3624671148786907,2.6664717918737213,0.617363344051447
2.363051739257527,2.6664717918737213,0.617363344051447
2.363051739257527,2.6664717918737213,0.6254019292604501
2.3636363636363638,2.6658871674948847,0.6254019292604501
2.3636363636363638,2.6658871674948847,0.6296404560070155
2.3662671733411282,2.6717334112832507,0.6296404560070155
2.3662671733411282,2.6717334112832507,0.6296404560070155
2.360128617363344,2.67524115755627,0.6341712949429992
2.360128617363344,2.67524115755627,0.6341712949429992
2.3683133586670566,2.681087401344636,0.6283250511546331
2.3683133586670566,2.681087401344636,0.6283250511546331
2.368605670856475,2.6737795966091786,0.6243788365974862
2.368605670856475,2.6737795966091786,0.6243788365974862
2.368605670856475,2.676410406313943,0.6273019584916691
2.361297866121017,2.676410406313943,0.6273019584916691
2.361297866121017,2.673194972230342,0.6289096755334698
2.3583747442268344,2.673194972230342,0.6289096755334698
2.3583747442268344,2.673194972230342,0.6251096170710319
2.3572054954691612,2.6758257819351066,0.6251096170710319
2.3572054954691612,2.6758257819351066,0.6344636071324175
2.355159310143233,2.6708564747149954,0.6344636071324175
2.355159310143233,2.6708564747149954,0.6344636071324175
2.368897983045893,2.67524115755627,0.6303712364805613
2.368897983045893,2.67524115755627,0.6303712364805613
2.3703595439929845,2.6749488453668517,0.625255773165741
2.3703595439929845,2.6749488453668517,0.625255773165741
2.3674364220988013,2.677871967261035,0.6324174218064893
2.3674364220988013,2.677871967261035,0.6324174218064893
2.3674364220988013,2.678164279450453,0.6283250511546331
2.372990353697749,2.678164279450453,0.6283250511546331
2.372990353697749,2.672025723472669,0.6218941829874306
2.3662671733411282,2.672025723472669,0.6218941829874306
2.3662671733411282,2.672025723472669,0.6262788658287051
2.3645133002046186,2.6775796550716167,0.6262788658287051
2.3645133002046186,2.6775796550716167,0.6245249926921953
2.36597486115171,2.6746565331774335,0.6245249926921953
2.36597486115171,2.6746565331774335,0.6245249926921953
2.370651856182403,2.6711487869044137,0.6242326805027769
2.370651856182403,2.6711487869044137,0.6242326805027769
2.365097924583455,2.6676410406313944,0.6302250803858521
2.365097924583455,2.6676410406313944,0.6302250803858521
2.3656825489622917,2.6755334697456883,0.6359251680795089
2.3656825489622917,2.6755334697456883,0.6359251680795089
2.3656825489622917,2.66150248465361,0.6259865536392868
2.3656825489622917,2.66150248465361,0.6259865536392868
2.3656825489622917,2.667056416252558,0.6264250219234142
2.3645133002046186,2.667056416252558,0.6264250219234142
2.3645133002046186,2.667056416252558,0.6382636655948553
2.3656825489622917,2.6629640456007015,0.6382636655948553
2.3656825489622917,2.6629640456007015,0.6397252265419467
2.3700672318035663,2.6685179771996492,0.6397252265419467
2.3700672318035663,2.6685179771996492,0.6023092662964046
2.3674364220988013,2.6617947968430284,0.6354866997953814
2.3674364220988013,2.6617947968430284,0.6729026600409237
2.3700672318035663,2.66325635779012,0.641917567962584
2.3700672318035663,2.66325635779012,0.641917567962584
2.3662671733411282,2.6626717334112833,0.6376790412160187
2.3662671733411282,2.6626717334112833,0.6376790412160187
2.3662671733411282,2.663548669979538,0.6362174802689272
2.3656825489622917,2.663548669979538,0.6362174802689272
2.3656825489622917,2.6609178602747736,0.6387021338789828
2.3703595439929845,2.6609178602747736,0.6387021338789828
2.3703595439929845,2.6609178602747736,0.6306635486699795
2.371821104940076,2.6617947968430284,0.6306635486699795
2.371821104940076,2.6617947968430284,0.6439637532885122
2.366851797719965,2.6562408652440808,0.6439637532885122
2.366851797719965,2.6562408652440808,0.6439637532885122
2.3656825489622917,2.652733118971061,0.6508330897398421
2.3656825489622917,2.652733118971061,0.6508330897398421
2.370651856182403,2.651856182402806,0.6368021046477638
2.370651856182403,2.651856182402806,0.6368021046477638
2.369774919614148,2.6533177433498976,0.6482022800350775
2.369774919614148,2.6533177433498976,0.6482022800350775
2.369774919614148,2.64951768488746,0.641917567962584
2.3665594855305465,2.64951768488746,0.641917567962584
2.3665594855305465,2.6471791873721133,0.6467407190879859
2.3665594855305465,2.6471791873721133,0.6467407190879859
2.3665594855305465,2.6471791873721133,0.6502484653610056
2.369774919614148,2.6384098216895646,0.6502484653610056
2.369774919614148,2.6384098216895646,0.6511254019292605
2.3662671733411282,2.643086816720257,0.6511254019292605
2.3662671733411282,2.643086816720257,0.6511254019292605
2.3808827828120434,2.6404560070154925,0.6499561531715873
2.3808827828120434,2.6404560070154925,0.6499561531715873
2.3732826658871673,2.6357790119847997,0.6533177433498977
2.3732826658871673,2.6357790119847997,0.6533177433498977
2.37795966091786,2.6404560070154925,0.6549254603916983
2.37795966091786,2.6404560070154925,0.6549254603916983
2.37795966091786,2.6413329435837474,0.6667641040631395
2.3791289096755333,2.6413329435837474,0.6667641040631395
2.3791289096755333,2.636948260742473,0.6705641625255773
2.3738672902660043,2.636948260742473,0.6705641625255773
2.3738672902660043,2.636948260742473,0.6693949137679042
2.3741596024554226,2.6319789535223617,0.6693949137679042
2.3741596024554226,2.6319789535223617,0.6636948260742473
2.379421221864952,2.631102016954107,0.6636948260742473
2.379421221864952,2.631102016954107,0.6636948260742473
2.3782519731072784,2.6296404560070155,0.669248757673195
2.3782519731072784,2.6296404560070155,0.669248757673195
2.377667348728442,2.6296404560070155,0.6677871967261034
2.377667348728442,2.6296404560070155,0.6677871967261034
2.377667348728442,2.6240865244080678,0.6758257819351067
2.377667348728442,2.6240865244080678,0.6758257819351067
2.377667348728442,2.620578778135048,0.677141186787489
2.3753288512130957,2.620578778135048,0.677141186787489
2.3753288512130957,2.6150248465361003,0.686933645133002
2.3870213387898276,2.6150248465361003,0.686933645133002
2.3870213387898276,2.6524408067816427,0.691756796258404
2.3925752703887753,2.6208710903244667,0.691756796258404
2.3925752703887753,2.6208710903244667,0.6904413914060217
2.3919906460099387,2.6138555977784272,0.6904413914060217
2.3919906460099387,2.6138555977784272,0.6904413914060217
2.3808827828120434,2.610347851505408,0.701549254603917
2.3808827828120434,2.610347851505408,0.701549254603917
2.3902367728734286,2.6015784858228588,0.6968722595732242
2.3902367728734286,2.6015784858228588,0.6968722595732242
2.3902367728734286,2.605670856474715,0.6995030692779889
2.3902367728734286,2.605670856474715,0.6995030692779889
2.427652733118971,2.6062554808535516,0.705495469161064
2.396083016661795,2.6062554808535516,0.705495469161064
2.396083016661795,2.6062554808535516,0.7126571178018123
2.401344636071324,2.6062554808535516,0.7126571178018123
2.401344636071324,2.6062554808535516,0.7120724934229757
2.3975445776088864,2.604501607717042,0.7120724934229757
2.3975445776088864,2.604501607717042,0.7288804443145279
2.395498392282958,2.599532300496931,0.7288804443145279
2.395498392282958,2.599532300496931,0.7288804443145279
2.39695995323005,2.599824612686349,0.7266881028938906
2.39695995323005,2.599824612686349,0.7266881028938906
2.3975445776088864,2.599532300496931,0.730926629640456
2.3975445776088864,2.599532300496931,0.730926629640456
2.4066062554808534,2.5963168664133294,0.7363344051446945
2.4066062554808534,2.5963168664133294,0.7363344051446945
2.4066062554808534,2.5933937445191466,0.7430575855013154
2.4054370067231803,2.5933937445191466,0.7430575855013154
2.4054370067231803,2.6009938614440222,0.7401344636071324
2.410114001753873,2.6009938614440222,0.7401344636071324
2.410114001753873,2.6009938614440222,0.7531423560362467
2.4083601286173635,2.595732242034493,0.7531423560362467
2.4083601286173635,2.595732242034493,0.7607424729611225
2.4045600701549255,2.5925168079508913,0.7607424729611225
2.4045600701549255,2.5925168079508913,0.7619117217187956
2.4112832505115462,2.599532300496931,0.7619117217187956
2.4112832505115462,2.599532300496931,0.7619117217187956
2.406021631102017,2.59280912014031,0.7692195264542532
2.406021631102017,2.59280912014031,0.7692195264542532
2.4115755627009645,2.593978368897983,0.7734580532008185
2.4115755627009645,2.593978368897983,0.7734580532008185
2.4115755627009645,2.593978368897983,0.7886582870505701
2.417129494299912,2.593978368897983,0.7886582870505701
2.417129494299912,2.5966091786027476,0.7869044139140602
2.4165448699210756,2.5966091786027476,0.7869044139140602
2.4165448699210756,2.5966091786027476,0.8019584916691026
2.4203449283835137,2.596901490792166,0.8019584916691026
2.4203449283835137,2.596901490792166,0.8037123648056124
2.4215141771411868,2.6001169248757674,0.8037123648056124
2.4215141771411868,2.6001169248757674,0.8189125986553639
2.4174218064893305,2.599532300496931,0.8189125986553639
2.4174218064893305,2.599532300496931,0.8189125986553639
2.4247296112247883,2.606840105232388,0.8216895644548378
2.4247296112247883,2.606840105232388,0.8216895644548378
2.4279450453083893,2.608593978368898,0.8282665887167495
2.4279450453083893,2.608593978368898,0.8282665887167495
2.4653610055539317,2.619409529377375,0.8418591055247003
2.4320374159602456,2.619409529377375,0.8418591055247003
2.4320374159602456,2.6208710903244667,0.8348436129786612
2.4355451622332653,2.6208710903244667,0.8348436129786612
2.4355451622332653,2.6208710903244667,0.8440514469453376
2.43642209880152,2.6246711487869043,0.8440514469453376
2.43642209880152,2.6246711487869043,0.8494592224495762
2.429698918444899,2.631394329143525,0.8494592224495762
2.429698918444899,2.631394329143525,0.8555977784273604
2.4387605963168664,2.6346097632271266,0.8555977784273604
2.4387605963168664,2.6346097632271266,0.8930137386729027
2.4440222157263958,2.644548377667349,0.8738672902660041
2.4440222157263958,2.644548377667349,0.8738672902660041
2.4416837182110496,2.650394621455715,0.8779596609178603
2.4416837182110496,2.650394621455715,0.8779596609178603
2.4416837182110496,2.6550716164864077,0.8835135925168079
2.437299035369775,2.6550716164864077,0.8835135925168079
2.437299035369775,2.663548669979538,0.8794212218649518
2.445483776673487,2.663548669979538,0.8794212218649518
2.445483776673487,2.663548669979538,0.8892136802104648
2.443145279158141,2.679918152586963,0.8892136802104648
2.443145279158141,2.679918152586963,0.8946214557147033
2.4437299035369775,2.6825489622917273,0.8946214557147033
2.4437299035369775,2.6825489622917273,0.8995907629348144
2.4457760888629054,2.6924875767319496,0.8995907629348144
2.4457760888629054,2.6924875767319496,0.8995907629348144
2.4446068401052323,2.701549254603917,0.9007600116924875
2.4446068401052323,2.701549254603917,0.9007600116924875
2.445483776673487,2.709733995907629,0.9047062262496346
2.445483776673487,2.709733995907629,0.9047062262496346
2.445483776673487,2.726103478515054,0.9064600993861444
2.444314527915814,2.726103478515054,0.9064600993861444
2.444314527915814,2.736626717334113,0.916837182110494
2.445191464484069,2.736626717334113,0.916837182110494
2.445191464484069,2.736626717334113,0.9194679918152587
2.441976030400468,2.7480268927214264,0.9194679918152587
2.441976030400468,2.7480268927214264,0.9273604209295527
2.4378836597486115,2.7614732534346684,0.9273604209295527
2.4378836597486115,2.7614732534346684,0.9377375036539024
2.4413914060216313,2.7755042385267465,0.9377375036539024
2.4413914060216313,2.7755042385267465,0.9003215434083601
2.43642209880152,2.781935106693949,0.9321835720549547
2.43642209880152,2.781935106693949,0.9321835720549547
2.4340836012861735,2.8003507746273018,0.943145279158141
2.4340836012861735,2.8003507746273018,0.943145279158141
2.3966676410406316,2.8225665010230925,0.932475884244373
2.4282373574978076,2.8225665010230925,0.932475884244373
2.4282373574978076,2.8351359251680797,0.9365682548962292
2.4308681672025725,2.8351359251680797,0.9365682548962292
2.4308681672025725,2.8725518854136216,0.9457760888629055
2.4261911721718796,2.852090032154341,0.9457760888629055
2.4261911721718796,2.852090032154341,0.9444606840105232
2.4232680502776964,2.860274773458053,0.9444606840105232
2.4232680502776964,2.860274773458053,0.9478222741888337
2.419760304004677,2.878982753580824,0.9478222741888337
2.419760304004677,2.878982753580824,0.9478222741888337
2.4203449283835137,2.898275358082432,0.9498684595147617
2.4203449283835137,2.898275358082432,0.9498684595147617
2.4115755627009645,2.9055831628178894,0.9517684887459807
2.4115755627009645,2.9055831628178894,0.9517684887459807
2.4115755627009645,2.92779888921368,0.9526454253142356
2.4016369482607423,2.92779888921368,0.9526454253142356
2.4016369482607423,2.9473838059047064,0.9495761473253435
2.410990938322128,2.9473838059047064,0.9495761473253435
2.410990938322128,2.9593686056708566,0.9413914060216311
2.403098509207834,2.9593686056708566,0.9413914060216311
2.403098509207834,2.9593686056708566,0.9444606840105232
2.386436714410991,2.9757380882782813,0.9444606840105232
2.386436714410991,2.9757380882782813,0.9503069277988893
2.397252265419468,2.9868459514761767,0.9503069277988893
2.397252265419468,2.9868459514761767,0.9503069277988893
2.385559777842736,3.004676995030693,0.9429991230634317
2.385559777842736,3.004676995030693,0.9429991230634317
2.3823443437591347,3.0090616778719674,0.9428529669687226
2.3823443437591347,3.0090616778719674,0.9428529669687226
2.3823443437591347,3.036246711487869,0.9349605378544286
2.3741596024554226,3.036246711487869,0.9349605378544286
2.3741596024554226,3.047354574685764,0.9356913183279743
2.374451914644841,3.047354574685764,0.9356913183279743
2.374451914644841,3.066647179187372,0.9253142356036247
2.3680210464776383,3.066647179187372,0.9253142356036247
2.3680210464776383,3.1040631394329146,0.9216603332358959
2.355451622332651,3.075416544869921,0.9216603332358959
2.355451622332651,3.075416544869921,0.9239988307512423
2.3501900029231217,3.090032154340836,0.9239988307512423
2.3501900029231217,3.090032154340836,0.9239988307512423
2.3498976907337035,3.1031862028646593,0.9191756796258403
2.3498976907337035,3.1031862028646593,0.9191756796258403
2.3458053200818476,3.1157556270096465,0.9210757088570594
2.3458053200818476,3.1157556270096465,0.9210757088570594
2.3458053200818476,3.1259865536392866,0.9112832505115463
2.335574393452207,3.1259865536392866,0.9112832505115463
2.335574393452207,3.143232972814966,0.9017831043554516
2.3300204618532594,3.143232972814966,0.9017831043554516
2.3300204618532594,3.1558023969599533,0.9020754165448699
2.325635779011985,3.1558023969599533,0.9020754165448699
2.325635779011985,3.1558023969599533,0.907044723764981
2.315989476761181,3.164571762642502,0.907044723764981
2.315989476761181,3.164571762642502,0.8956445483776674
2.3121894182987432,3.1832797427652735,0.8956445483776674
2.3121894182987432,3.1832797427652735,0.8956445483776674
2.3063431745103773,3.187956737795966,0.8954983922829582
2.3063431745103773,3.187956737795966,0.8954983922829582
2.303420052616194,3.2008184741303713,0.8909675533469745
2.303420052616194,3.2008184741303713,0.8909675533469745
2.303420052616194,3.214264834843613,0.8849751534638994
2.290558316281789,3.214264834843613,0.8849751534638994
2.290558316281789,3.217187956737796,0.887459807073955
2.2870505700087693,3.217187956737796,0.887459807073955
2.2870505700087693,3.22508038585209,0.8772288804443146
2.287927506577024,3.22508038585209,0.8772288804443146
2.287927506577024,3.22508038585209,0.8729903536977492
2.284419760304005,3.2361882490499854,0.8729903536977492
2.284419760304005,3.2361882490499854,0.8721134171294943
2.272727272727273,3.2411575562700965,0.8721134171294943
2.272727272727273,3.2411575562700965,0.8721134171294943
2.2671733411283252,3.2531423560362467,0.8623209587839813
2.2671733411283252,3.2531423560362467,0.8623209587839813
2.2683425898859984,3.2578193510669395,0.8634902075416545
2.2683425898859984,3.2578193510669395,0.8634902075416545
2.2683425898859984,3.262204033908214,0.8618824904998539
2.260450160771704,3.262204033908214,0.8618824904998539
2.260450160771704,3.269219526454253,0.8564747149956153
2.25255773165741,3.269219526454253,0.8564747149956153
2.25255773165741,3.271265711780181,0.8528208126278866
2.2510961707103188,3.271265711780181,0.8528208126278866
2.2510961707103188,3.271265711780181,0.8490207541654488
2.248465361005554,3.2774042677579653,0.8490207541654488
2.248465361005554,3.2774042677579653,0.8566208710903245
2.24057293189126,3.280912014030985,0.8566208710903245
2.24057293189126,3.280912014030985,0.8566208710903245
2.2449576147325345,3.2826658871674947,0.8532592809120141
2.2449576147325345,3.2826658871674947,0.8532592809120141
2.2388190587547503,3.2832505115463313,0.8496053785442853
2.2388190587547503,3.2832505115463313,0.8496053785442853
2.2762350190002922,3.2908506284712074,0.8475591932183572
2.2508038585209005,3.2908506284712074,0.8475591932183572
2.213387898275358,3.284712072493423,0.8576439637532886
2.2376498099970767,3.284712072493423,0.8576439637532886
2.2376498099970767,3.285881321251096,0.854282373574978
2.2411575562700965,3.285881321251096,0.854282373574978
2.2411575562700965,3.285881321251096,0.8535515931014324
2.236772873428822,3.2870505700087693,0.8535515931014324
2.236772873428822,3.2870505700087693,0.8538439052908506
